en_name,Alternative names,alpha-2,alpha-3,numeric code,ISO 3166-2 subdivision code,independent,UN member,UN admission date,UN observer,EU member,UNASUL member,Sovereignty dispute,See also,Further information on status and recognition of sovereignty,north,east,south,west,capital,capital_latitude,capital_longitude,continent
Afghanistan,,AF,AFG,4,ISO 3166-2:AF,True,True,1946-11-19,False,False,False,None,United Nations Assistance Mission in Afghanistan,,29.318572496,75.1580277851,38.4862816432,60.5284298033,Kabul,34.516666666666666,69.18333299999999,Asia
Åland Islands,,AX,ALA,248,ISO 3166-2:AX,False,False,,False,False,False,,,,,,,,Mariehamn,60.11666700000001,19.9,Europe
Albania,,AL,ALB,8,ISO 3166-2:AL,True,True,1955-12-14,False,False,False,None,,,39.624997667,21.0200403175,42.6882473822,19.3044861183,Tirana,41.31666666666667,19.816667000000002,Europe
Algeria,,DZ,DZA,12,ISO 3166-2:DZ,True,True,1962-10-08,False,False,False,None,,,19.0573642034,11.9995056495,37.1183806422,-8.68439978681,Algiers,36.75,3.05,Africa
American Samoa,,AS,ASM,16,ISO 3166-2:AS,False,False,,False,False,False,,,,,,,,Pago Pago,-14.266666666666667,-170.7,Australia
Andorra,,AD,AND,20,ISO 3166-2:AD,True,True,1993-07-28,False,False,False,None,,"Andorra is a co-principality in which the office of head of state is jointly held ex officio by the French president and the bishop of the Roman Catholic diocese of Urgell, who himself is appointed by the Holy See.",,,,,Andorra la Vella,42.5,1.516667,Europe
Angola,,AO,AGO,24,ISO 3166-2:AO,True,True,1976-12-01,False,False,False,None,,,-17.9306364885,24.0799052263,-4.43802336998,11.6400960629,Luanda,-8.833333333333334,13.216667000000001,Africa
Anguilla,,AI,AIA,660,ISO 3166-2:AI,False,False,,False,False,False,,,,,,,,The Valley,18.216666666666665,-63.05,North America
Antarctica,,AQ,ATA,10,ISO 3166-2:AQ,False,False,,False,False,False,,,,-90.0,180.0,-63.2706604895,-180.0,,0.0,0.0,Antarctica
Antigua and Barbuda,,AG,ATG,28,ISO 3166-2:AG,True,True,1981-11-11,False,False,False,None,,"Antigua and Barbuda is a Commonwealth realm with 1 autonomous region, Barbuda.",,,,,St. John's,17.116666666666667,-61.85,North America
Argentina,,AR,ARG,32,ISO 3166-2:AR,True,True,1945-10-24,False,False,True,None,,Argentina is a federation of 23 provinces and 1 autonomous city.,-55.25,-53.628348965,-21.8323104794,-73.4154357571,Buenos Aires,-34.583333333333336,-58.666667000000004,South America
Armenia,,AM,ARM,51,ISO 3166-2:AM,True,True,1992-03-02,False,False,False,None,Former member: Union of Soviet Socialist Republics,Not recognized by Pakistan. See Armenia–Pakistan relations and Nagorno-Karabakh conflict.,38.7412014837,46.5057198423,41.2481285671,43.5827458026,Yerevan,40.16666666666666,44.5,Europe
Aruba,,AW,ABW,533,ISO 3166-2:AW,False,False,,False,False,False,,,,,,,,Oranjestad,12.516666666666667,-70.033333,North America
Australia,,AU,AUS,36,ISO 3166-2:AU,True,True,1945-11-01,False,False,False,None,Australia and the United Nations,Australia is a Commonwealth realm and a federation of six states and 10 territories. The external territories of Australia are:  Ashmore and Cartier Islands  Australian Antarctic Territory  Christmas Island  Cocos (Keeling) Islands  Coral Sea Islands Territory  Heard Island and McDonald Islands  Norfolk Island,-43.6345972634,153.569469029,-10.6681857235,113.338953078,Canberra,-35.266666666666666,149.133333,Australia
Austria,,AT,AUT,40,ISO 3166-2:AT,True,True,1955-12-14,False,True,False,None,,Austria is a federation of nine states (Bundesländer).,46.4318173285,16.9796667823,49.0390742051,9.47996951665,Vienna,48.2,16.366667,Europe
Azerbaijan,,AZ,AZE,31,ISO 3166-2:AZ,True,True,1992-03-02,False,False,False,None,Former member: Union of Soviet Socialist Republics,"Azerbaijan contains two autonomous regions, Nakhchivan and Nagorno-Karabakh (Dağlıq Qarabağ). The Republic of Artsakh, a de facto state, has been established in the latter.",38.2703775091,50.3928210793,41.8606751572,44.7939896991,Baku,40.38333333333333,49.866667,Europe
Bahamas,,BS,BHS,44,ISO 3166-2:BS,True,True,1973-09-18,False,False,False,None,,The Bahamas is a Commonwealth realm.,23.71,-77.0,27.04,-78.98,Nassau,25.08333333333333,-77.35,North America
Bahrain,,BH,BHR,48,ISO 3166-2:BH,True,True,1971-09-21,False,False,False,None,,,,,,,Manama,26.23333333333333,50.566666999999995,Asia
Bangladesh,,BD,BGD,50,ISO 3166-2:BD,True,True,1974-09-17,False,False,False,None,,,20.670883287,92.6727209818,26.4465255803,88.0844222351,Dhaka,23.716666666666665,90.4,Asia
Barbados,,BB,BRB,52,ISO 3166-2:BB,True,True,1966-12-09,False,False,False,None,,Barbados is a Commonwealth realm.,,,,,Bridgetown,13.1,-59.61666700000001,North America
Belarus,,BY,BLR,112,ISO 3166-2:BY,True,True,1945-10-24,False,False,False,None,Former member: Byelorussian Soviet Socialist Republic,Belarus forms the Union State jointly with Russia.,51.3195034857,32.6936430193,56.1691299506,23.1994938494,Minsk,53.9,27.566667,Europe
Belgium,,BE,BEL,56,ISO 3166-2:BE,True,True,1945-12-27,False,True,False,None,,Belgium is a federation divided into linguistic communities and regions.,49.5294835476,6.15665815596,51.4750237087,2.51357303225,Brussels,50.83333333333334,4.3333330000000005,Europe
Belize,,BZ,BLZ,84,ISO 3166-2:BZ,True,True,1981-09-25,False,False,False,None,,Belize is a Commonwealth realm.,15.8869375676,-88.1068129138,18.4999822047,-89.2291216703,Belmopan,17.25,-88.766667,Central America
Benin,,BJ,BEN,204,ISO 3166-2:BJ,True,True,1960-09-20,False,False,False,None,,,6.14215770103,3.79711225751,12.2356358912,0.772335646171,Porto-Novo,6.4833333333333325,2.6166669999999996,Africa
Bermuda,,BM,BMU,60,ISO 3166-2:BM,False,False,,False,False,False,,,,,,,,Hamilton,32.28333333333333,-64.783333,North America
Bhutan,,BT,BTN,64,ISO 3166-2:BT,True,True,1971-09-21,False,False,False,None,,,26.7194029811,92.1037117859,28.2964385035,88.8142484883,Thimphu,27.466666666666665,89.633333,Asia
Bolivia,,BO,BOL,68,ISO 3166-2:BO,True,True,1945-11-14,False,False,False,,,,-22.8729187965,-57.4983711412,-9.76198780685,-69.5904237535,Sucre,-16.5,-68.15,South America
"Bonaire, Sint Eustatius and Saba",,BQ,BES,535,ISO 3166-2:BQ,False,False,,False,False,False,,,,,,,,Kralendijk,,,
Bosnia and Herzegovina,,BA,BIH,70,ISO 3166-2:BA,True,True,1992-05-22,False,False,False,None,Former member: Yugoslavia,"Bosnia and Herzegovina is a federation of two constituent units:  Federation of Bosnia and Herzegovina  Republika Srpska and Brčko District, a self-governing administrative unit.",42.65,19.59976,45.2337767604,15.7500260759,Sarajevo,43.86666666666667,18.416667,Europe
Botswana,,BW,BWA,72,ISO 3166-2:BW,True,True,1966-10-17,False,False,False,None,,,-26.8285429827,29.4321883481,-17.6618156877,19.8954577979,Gaborone,-24.63333333333333,25.9,Africa
Bouvet Island,Bouvetøya,BV,BVT,74,ISO 3166-2:BV,False,False,,False,False,False,,,,,,,,,,,
Brazil,,BR,BRA,76,ISO 3166-2:BR,True,True,1945-10-24,False,False,True,None,Brazil and the United Nations,Brazil is a federation of 26 states and 1 federal district.,-33.7683777809,-34.7299934555,5.24448639569,-73.9872354804,Brasília,-15.783333333333333,-47.916667,South America
British Indian Ocean Territory,,IO,IOT,86,ISO 3166-2:IO,False,False,,False,False,False,,,,,,,,,-7.3,72.4,Africa
Brunei Darussalam,,BN,BRN,96,ISO 3166-2:BN,True,True,1984-09-21,False,False,False,,,,4.007636827,115.450710484,5.44772980389,114.204016555,Bandar Seri Begawan,4.883333333333333,114.933333,Asia
Bulgaria,,BG,BGR,100,ISO 3166-2:BG,True,True,1955-12-14,False,True,False,None,,,41.2344859889,28.5580814959,44.2349230007,22.3805257504,Sofia,42.68333333333333,23.316667000000002,Europe
Burkina Faso,,BF,BFA,854,ISO 3166-2:BF,True,True,1960-09-20,False,False,False,None,,,9.61083486576,2.17710778159,15.1161577418,-5.47056494793,Ouagadougou,12.366666666666667,-1.516667,Africa
Burundi,,BI,BDI,108,ISO 3166-2:BI,True,True,1962-09-18,False,False,False,None,,,-4.49998341229,30.752262811,-2.34848683025,29.0249263852,Bujumbura,-3.3666666666666667,29.35,Africa
Cape Verde,Cabo Verde,CV,CPV,132,ISO 3166-2:CV,True,True,1975-09-16,False,False,False,,,,,,,,Praia,14.916666666666664,-23.516667,Africa
Cambodia,,KH,KHM,116,ISO 3166-2:KH,True,True,1955-12-14,False,False,False,None,,,10.4865436874,107.614547968,14.5705838078,102.3480994,Phnom Penh,11.55,104.91666699999999,Asia
Cameroon,,CM,CMR,120,ISO 3166-2:CM,True,True,1960-09-20,False,False,False,None,,,1.72767263428,16.0128524106,12.8593962671,8.48881554529,Yaoundé,3.8666666666666663,11.516667,Africa
Canada,,CA,CAN,124,ISO 3166-2:CA,True,True,1945-11-09,False,False,False,None,Canada and the United Nations,Canada is a Commonwealth realm and a federation of 10 provinces and 3 territories.,41.6751050889,-52.6480987209,83.23324,-140.99778,Ottawa,45.41666666666666,-75.7,Central America
Cayman Islands,,KY,CYM,136,ISO 3166-2:KY,False,False,,False,False,False,,,,,,,,George Town,19.3,-81.383333,North America
Central African Republic,,CF,CAF,140,ISO 3166-2:CF,True,True,1960-09-20,False,False,False,None,,,2.2676396753,27.3742261085,11.1423951278,14.4594071794,Bangui,4.366666666666666,18.583333,Africa
Chad,,TD,TCD,148,ISO 3166-2:TD,True,True,1960-09-20,False,False,False,None,,,7.42192454674,23.88689,23.40972,13.5403935076,N'Djamena,12.1,15.033332999999999,Africa
Chile,,CL,CHL,152,ISO 3166-2:CL,True,True,1945-10-24,False,False,True,None,,"Chile has two ""special territories"" in the Valparaíso Region: Easter Island and Juan Fernández Islands",-55.61183,-66.95992,-17.5800118954,-75.6443953112,Santiago,-33.45,-70.666667,South America
China,,CN,CHN,156,ISO 3166-2:CN,True,True,1945-10-24,False,False,False,Partially unrecognized. Claimed by the Republic of China,Former member: Republic of China and China and the United Nations,"The People's Republic of China (PRC) contains five autonomous regions: Guangxi Inner Mongolia Ningxia Xinjiang Tibet Additionally, it has sovereignty over the Special Administrative Regions of:   Hong Kong  Macau China claims, but does not control Taiwan, which is governed by a rival administration (the Republic of China) that claims all of China as its territory. China is not recognised by 19 UN member states and the Holy See, which, with the exception of Bhutan, recognise Taiwan instead. China controls part of the territory of Kashmir, which is disputed by India and Pakistan.",18.197700914,135.026311477,53.4588044297,73.6753792663,Beijing,39.91666666666666,116.38333300000001,Asia
Christmas Island,,CX,CXR,162,ISO 3166-2:CX,False,False,,False,False,False,,,,,,,,Flying Fish Cove,-10.416666666666666,105.71666699999999,Australia
Cocos (Keeling) Islands,,CC,CCK,166,ISO 3166-2:CC,False,False,,False,False,False,,,,,,,,West Island,-12.166666666666664,96.833333,Australia
Colombia,,CO,COL,170,ISO 3166-2:CO,True,True,1945-11-05,False,False,True,None,,,-4.29818694419,-66.8763258531,12.4373031682,-78.9909352282,Bogotá,4.6,-74.083333,South America
Comoros,,KM,COM,174,ISO 3166-2:KM,True,True,1975-11-12,False,False,False,None,,Comoros is a federation of 3 islands.,,,,,Moroni,-11.7,43.233333,Africa
Congo,,CG,COG,178,ISO 3166-2:CG,True,True,1960-09-20,False,False,False,,,,-5.03798674888,18.4530652198,3.72819651938,11.0937728207,Brazzaville,-4.25,15.283332999999999,Africa
Cook Islands,,CK,COK,184,ISO 3166-2:CK,False,False,,False,False,False,,,,,,,,Avarua,-21.2,-159.76666699999998,Australia
Costa Rica,,CR,CRI,188,ISO 3166-2:CR,True,True,1945-11-02,False,False,False,None,,,8.22502798099,-82.5461962552,11.2171192489,-85.94172543,San José,9.933333333333334,-84.083333,Central America
Ivory Coast,Côte d'Ivoire,CI,CIV,384,ISO 3166-2:CI,True,True,1960-09-20,False,False,False,,,,4.33828847902,-2.56218950033,10.5240607772,-8.60288021487,Yamoussoukro,6.816666666666666,-5.266667,Africa
Croatia,,HR,HRV,191,ISO 3166-2:HR,True,True,1992-05-22,False,True,False,None,Former member: Yugoslavia,,42.47999136,19.3904757016,46.5037509222,13.6569755388,Zagreb,45.8,16.0,Europe
Cuba,,CU,CUB,192,ISO 3166-2:CU,True,True,1945-10-24,False,False,False,None,,,19.8554808619,-74.1780248685,23.1886107447,-84.9749110583,Havana,23.11666666666667,-82.35,North America
Curaçao,,CW,CUW,531,ISO 3166-2:CW,False,False,,False,False,False,,,,,,,,Willemstad,12.1,-68.916667,North America
Cyprus,,CY,CYP,196,ISO 3166-2:CY,True,True,1960-09-20,False,True,False,Not recognized by Turkey,,"The northeastern part of the island is the de facto state of Northern Cyprus. See Foreign relations of Cyprus and Cyprus dispute. Turkey refers to the Republic of Cyprus government as ""The Greek Cypriot Administration of Southern Cyprus"".",34.5718694118,34.0048808123,35.1731247015,32.2566671079,Nicosia,35.166666666666664,33.366667,Europe
Czech Republic,,CZ,CZE,203,ISO 3166-2:CZ,True,True,1993-01-19,False,True,False,None,Former member: Czechoslovakia,,48.5553052842,18.8531441586,51.1172677679,12.2401111182,Prague,50.08333333333334,14.466667000000001,Europe
Denmark,,DK,DNK,208,ISO 3166-2:DK,True,True,1945-10-24,False,True,False,None,,"The Kingdom of Denmark includes 2 self-governing territories:  Faroe Islands  Greenland The continental territory of Denmark, the Faroe Islands, and Greenland form the three constituent countries of the Kingdom. The designation ""Denmark"" can refer either to continental Denmark or to the short name for the entire Kingdom (e.g. in international organizations). The Kingdom of Denmark as a whole is a member of the EU, but EU law does not apply to the Faroe Islands and Greenland. Also see Greenland Treaty.",54.8000145534,12.6900061378,57.730016588,8.08997684086,Copenhagen,55.66666666666666,12.583333,Europe
Djibouti,,DJ,DJI,262,ISO 3166-2:DJ,True,True,1977-09-20,False,False,False,None,,,10.9268785669,43.3178524107,12.6996385767,41.66176,Djibouti,11.583333333333336,43.15,Africa
Dominica,,DM,DMA,212,ISO 3166-2:DM,True,True,1978-12-18,False,False,False,None,,,,,,,Roseau,15.3,-61.4,North America
Dominican Republic,,DO,DOM,214,ISO 3166-2:DO,True,True,1945-10-24,False,False,False,None,,,17.598564358,-68.3179432848,19.8849105901,-71.9451120673,Santo Domingo,18.466666666666665,-69.9,North America
Ecuador,,EC,ECU,218,ISO 3166-2:EC,True,True,1945-12-21,False,False,True,None,,,-4.95912851321,-75.2337227037,1.3809237736,-80.9677654691,Quito,-0.21666666666666667,-78.5,South America
Egypt,,EG,EGY,818,ISO 3166-2:EG,True,True,1945-10-24,False,False,False,None,Former member: United Arab Republic,,22.0,36.86623,31.58568,24.70007,Cairo,30.05,31.25,Africa
El Salvador,,SV,SLV,222,ISO 3166-2:SV,True,True,1945-10-24,False,False,False,None,,,13.1490168319,-87.7235029772,14.4241327987,-90.0955545723,San Salvador,13.7,-89.2,Central America
Equatorial Guinea,,GQ,GNQ,226,ISO 3166-2:GQ,True,True,1968-11-12,False,False,False,None,,,1.01011953369,11.285078973,2.28386607504,9.3056132341,Malabo,3.75,8.783333,Africa
Eritrea,,ER,ERI,232,ISO 3166-2:ER,True,True,1993-05-28,False,False,False,None,,,12.4554157577,43.0812260272,17.9983074,36.3231889178,Asmara,15.333333333333336,38.933333000000005,Africa
Estonia,,EE,EST,233,ISO 3166-2:EE,True,True,1991-09-17,False,True,False,None,Former member: Union of Soviet Socialist Republics,,57.4745283067,28.1316992531,59.6110903998,23.3397953631,Tallinn,59.43333333333333,24.716667,Europe
Eswatini,,SZ,SWZ,748,ISO 3166-2:SZ,True,True,1968-09-24,False,False,False,,,Swaziland,-27.2858794085,32.0716654803,-25.660190525,30.6766085141,,-26.316666666666666,31.133333,Africa
Ethiopia,,ET,ETH,231,ISO 3166-2:ET,True,True,1945-11-13,False,False,False,None,,Ethiopia is a federation of nine regions and two chartered cities.,3.42206,47.78942,14.95943,32.95418,Addis Ababa,9.033333333333333,38.7,Africa
Falkland Islands (Malvinas),,FK,FLK,238,ISO 3166-2:FK,False,False,,False,False,False,,,,-52.3,-57.75,-51.1,-61.2,Stanley,-51.7,-57.85,South America
Faroe Islands,,FO,FRO,234,ISO 3166-2:FO,False,False,,False,False,False,,,,,,,,Tórshavn,62.0,-6.766667,Europe
Fiji,,FJ,FJI,242,ISO 3166-2:FJ,True,True,1970-10-13,False,False,False,None,Fiji and the United Nations,"Fiji contains 1 autonomous region, Rotuma.",-18.28799,180.0,-16.0208822567,-180.0,Suva,-18.133333333333333,178.416667,Australia
Finland,,FI,FIN,246,ISO 3166-2:FI,True,True,1955-12-14,False,True,False,None,,Åland is a neutral and demilitarised autonomous region of Finland.,59.846373196,31.5160921567,70.1641930203,20.6455928891,Helsinki,60.16666666666666,24.933332999999998,Europe
France,,FR,FRA,250,ISO 3166-2:FR,True,True,1945-10-24,False,False,True,None,France and the United Nations,"France contains five overseas regions/departments: French Guiana, Guadeloupe, Martinique, Mayotte, and Réunion. France also includes the overseas territories of:  Clipperton Island  French Polynesia  New Caledonia  Saint Barthélemy  Saint Martin  Saint Pierre and Miquelon  Wallis and Futuna  French Southern and Antarctic Lands",2.05338918702,9.56001631027,51.1485061713,-54.5247541978,Paris,48.86666666666667,2.333333,Europe
French Guiana,,GF,GUF,254,ISO 3166-2:GF,False,False,,False,False,False,,,,,,,,Cayenne,,,
French Polynesia,,PF,PYF,258,ISO 3166-2:PF,False,False,,False,False,False,,,,,,,,Papeete,-17.533333333333335,-149.566667,Australia
French Southern Territories,,TF,ATF,260,ISO 3166-2:TF,False,False,,False,False,False,,,,-49.775,70.56,-48.625,68.72,,-49.35,70.216667,Antarctica
Gabon,,GA,GAB,266,ISO 3166-2:GA,True,True,1960-09-20,False,False,False,None,,,-3.97882659263,14.4254557634,2.32675751384,8.79799563969,Libreville,0.38333333333333336,9.45,Africa
Gambia,,GM,GMB,270,ISO 3166-2:GM,True,True,1965-09-21,False,False,False,None,,,13.1302841252,-13.8449633448,13.8764918075,-16.8415246241,Banjul,13.45,-16.566667000000002,Africa
Georgia,,GE,GEO,268,ISO 3166-2:GE,True,True,1992-07-31,False,False,False,None,Former member: Union of Soviet Socialist Republics,"Georgia contains two autonomous republics, Adjara and Abkhazia. In Abkhazia and South Ossetia, de facto states have been formed.",41.0644446885,46.6379081561,43.553104153,39.9550085793,Tbilisi,41.68333333333333,44.833333,Europe
Germany,,DE,DEU,276,ISO 3166-2:DE,True,True,1973-09-18,False,True,False,None,,Former member: German Democratic Republic and Germany and the United Nations. Germany is a federation of 16 federated states (Länder).,47.3024876979,15.0169958839,54.983104153,5.98865807458,Berlin,52.51666666666666,13.4,Europe
Ghana,,GH,GHA,288,ISO 3166-2:GH,True,True,1957-03-08,False,False,False,None,,,4.71046214438,1.0601216976,11.0983409693,-3.24437008301,Accra,5.55,-0.216667,Africa
Gibraltar,,GI,GIB,292,ISO 3166-2:GI,False,False,,False,False,False,,,,,,,,Gibraltar,36.13333333333333,-5.35,Europe
Greece,,GR,GRC,300,ISO 3166-2:GR,True,True,1945-10-25,False,True,False,None,,"Mount Athos is an autonomous part of Greece that is jointly governed by the multinational ""Holy Community"" on the mountain and a civil governor appointed by the Greek government.",34.9199876979,26.6041955909,41.8269046087,20.1500159034,Athens,37.98333333333333,23.733333,Europe
Greenland,,GL,GRL,304,ISO 3166-2:GL,False,False,,False,False,False,,,,60.03676,-12.20855,83.64513,-73.297,Nuuk,64.18333333333334,-51.75,Central America
Grenada,,GD,GRD,308,ISO 3166-2:GD,True,True,1974-09-17,False,False,False,None,,Grenada is a Commonwealth realm.,,,,,St. George's,12.05,-61.75,North America
Guadeloupe,,GP,GLP,312,ISO 3166-2:GP,False,False,,False,False,False,,,,,,,,Basse-Terre,,,
Guam,,GU,GUM,316,ISO 3166-2:GU,False,False,,False,False,False,,,,,,,,Hagåtña,13.466666666666667,144.73333300000002,Australia
Guatemala,,GT,GTM,320,ISO 3166-2:GT,True,True,1945-11-21,False,False,False,None,,,13.7353376327,-88.2250227526,17.8193260767,-92.2292486234,Guatemala City,14.616666666666667,-90.516667,Central America
Guernsey,,GG,GGY,831,ISO 3166-2:GG,False,False,,False,False,False,,,,,,,,St. Peter Port,49.45,-2.5333330000000003,Europe
Guinea,,GN,GIN,324,ISO 3166-2:GN,True,True,1958-12-12,False,False,False,None,,,7.3090373804,-7.83210038902,12.5861829696,-15.1303112452,Conakry,9.5,-13.7,Africa
Guinea-Bissau,,GW,GNB,624,ISO 3166-2:GW,True,True,1974-09-17,False,False,False,None,,,11.0404116887,-13.7004760401,12.6281700708,-16.6774519516,Bissau,11.85,-15.583332999999998,Africa
Guyana,,GY,GUY,328,ISO 3166-2:GY,True,True,1966-09-20,False,False,True,None,,,1.26808828369,-56.5393857489,8.36703481692,-61.4103029039,Georgetown,6.8,-58.15,South America
Haiti,,HT,HTI,332,ISO 3166-2:HT,True,True,1945-10-24,False,False,False,None,,,18.0309927434,-71.6248732164,19.9156839055,-74.4580336168,Port-au-Prince,18.53333333333333,-72.333333,North America
Heard Island and McDonald Islands,,HM,HMD,334,ISO 3166-2:HM,False,False,,False,False,False,,,,,,,,,0.0,0.0,Antarctica
Holy See,,VA,VAT,336,ISO 3166-2:VA,True,False,,False,False,False,,,,,,,,Vatican City,41.9,12.45,Europe
Honduras,,HN,HND,340,ISO 3166-2:HN,True,True,1945-12-17,False,False,False,None,,,12.9846857772,-83.147219001,16.0054057886,-89.3533259753,Tegucigalpa,14.1,-87.216667,Central America
Hong Kong,,HK,HKG,344,ISO 3166-2:HK,False,False,,False,False,False,,,,,,,,,0.0,0.0,Asia
Hungary,,HU,HUN,348,ISO 3166-2:HU,True,True,1955-12-14,False,True,False,None,,,45.7594811061,22.710531447,48.6238540716,16.2022982113,Budapest,47.5,19.083333,Europe
Iceland,,IS,ISL,352,ISO 3166-2:IS,True,True,1946-11-19,False,False,False,None,,,63.4963829617,-13.609732225,66.5267923041,-24.3261840479,Reykjavík,64.15,-21.95,Europe
India,,IN,IND,356,ISO 3166-2:IN,True,True,1945-10-30,False,False,False,None,India and the United Nations,"India is a federation of 29 states and seven union territories. India claims the entire territory of Kashmir as one of its states, but only exercises control over part of it, while the rest is controlled by the People's Republic of China and Pakistan.",7.96553477623,97.4025614766,35.4940095078,68.1766451354,New Delhi,28.6,77.2,Asia
Indonesia,,ID,IDN,360,ISO 3166-2:ID,True,True,1950-09-28,False,False,False,None,Withdrawal of Indonesia (1965–1966) and Indonesia and the United Nations,"Indonesia has five provinces with official special autonomy status: Aceh, Jakarta SCR, Yogyakarta SR, Papua, and West Papua.",-10.3599874813,141.03385176,5.47982086834,95.2930261576,Jakarta,-6.166666666666668,106.816667,Asia
Iran,,IR,IRN,364,ISO 3166-2:IR,True,True,1945-10-24,False,False,False,None,,,25.0782370061,63.3166317076,39.7130026312,44.1092252948,Tehran,35.7,51.416667,Asia
Iraq,,IQ,IRQ,368,ISO 3166-2:IQ,True,True,1945-12-21,False,False,False,None,,"Iraq is a federation of 19 governorates, five of which make up the autonomous Iraqi Kurdistan.",29.0990251735,48.5679712258,37.3852635768,38.7923405291,Baghdad,33.333333333333336,44.4,Asia
Ireland,,IE,IRL,372,ISO 3166-2:IE,True,True,1955-12-14,False,True,False,None,,,51.6693012559,-6.03298539878,55.1316222195,-9.97708574059,Dublin,53.31666666666667,-6.233333,Europe
Isle of Man,,IM,IMN,833,ISO 3166-2:IM,False,False,,False,False,False,,,,,,,,Douglas,54.15,-4.483333,Europe
Israel,,IL,ISR,376,ISO 3166-2:IL,True,True,1949-05-11,False,False,False,Partially unrecognized,"Israel, Palestine, and the United Nations","Israel exerts strong control over the territory claimed by Palestine. Israel annexed East Jerusalem, an annexation not recognised by the international community. Israel maintains varying levels of control over the rest of the West Bank, and although Israel no longer has a permanent civilian or military presence in the Gaza Strip, following its unilateral disengagement, it is still considered by some to be the occupying power under international law.      Israel is not recognised as a state by 32 UN members (including most Arab states) nor by the SADR.",29.5013261988,35.8363969256,33.2774264593,34.2654333839,Jerusalem,31.766666666666666,35.233333,Asia
Italy,,IT,ITA,380,ISO 3166-2:IT,True,True,1955-12-14,False,True,False,None,,"Italy has 5 autonomous regions, with varying levels of autonomy from the central government of Italy, and known officially as ""special status regions"":  Aosta Valley  Friuli-Venezia Giulia  Sardinia  Sicily  Trentino-Alto Adige/Südtirol",36.619987291,18.4802470232,47.1153931748,6.7499552751,Rome,41.9,12.483333,Europe
Jamaica,,JM,JAM,388,ISO 3166-2:JM,True,True,1962-09-18,False,False,False,None,,Jamaica is a Commonwealth realm.,17.7011162379,-76.1996585761,18.5242184514,-78.3377192858,Kingston,18.0,-76.8,North America
Japan,,JP,JPN,392,ISO 3166-2:JP,True,True,1956-12-18,False,False,False,None,Japan and the United Nations,,31.0295791692,145.543137242,45.5514834662,129.408463169,Tokyo,35.68333333333333,139.75,Asia
Jersey,,JE,JEY,832,ISO 3166-2:JE,False,False,,False,False,False,,,,,,,,St. Helier,49.18333333333333,-2.1,Europe
Jordan,,JO,JOR,400,ISO 3166-2:JO,True,True,1955-12-14,False,False,False,None,,,29.1974946152,39.1954683774,33.3786864284,34.9226025734,Amman,31.95,35.933333000000005,Asia
Kazakhstan,,KZ,KAZ,398,ISO 3166-2:KZ,True,True,1992-03-02,False,False,False,None,Former member: Union of Soviet Socialist Republics,,40.6623245306,87.3599703308,55.3852501491,46.4664457538,Astana,51.16666666666666,71.416667,Asia
Kenya,,KE,KEN,404,ISO 3166-2:KE,True,True,1963-12-16,False,False,False,None,,,-4.67677,41.8550830926,5.506,33.8935689697,Nairobi,-1.2833333333333332,36.816666999999995,Africa
Kiribati,,KI,KIR,296,ISO 3166-2:KI,True,True,1999-09-14,False,False,False,None,,,,,,,Tarawa,-0.8833333333333333,169.533333,Australia
North Korea,,KP,PRK,408,ISO 3166-2:KP,True,True,1991-09-17,False,False,False,Claimed by South Korea,,"North Korea is not recognised by three UN members: France, Japan and South Korea.",37.669070543,130.780007359,42.9853868678,124.265624628,Pyongyang,39.016666666666666,125.75,Asia
South Korea,,KR,KOR,410,ISO 3166-2:KR,True,True,1991-09-17,False,False,False,Claimed by North Korea,Korea and the United Nations,South Korea has 1 autonomous region: Jejudo South Korea is not recognised by one UN member: North Korea.,34.3900458847,129.468304478,38.6122429469,126.117397903,Seoul,37.55,126.983333,Asia
Kuwait,,KW,KWT,414,ISO 3166-2:KW,True,True,1963-05-14,False,False,False,None,,,28.5260627304,48.4160941913,30.0590699326,46.5687134133,Kuwait City,29.36666666666667,47.966667,Asia
Kyrgyzstan,,KG,KGZ,417,ISO 3166-2:KG,True,True,1992-03-02,False,False,False,None,Former member: Union of Soviet Socialist Republics,,39.2794632025,80.2599902689,43.2983393418,69.464886916,Bishkek,42.86666666666667,74.6,Asia
Lao People's Democratic Republic,,LA,LAO,418,ISO 3166-2:LA,True,True,1955-12-14,False,False,False,,,,13.88109101,107.564525181,22.4647531194,100.115987583,,17.966666666666665,102.6,Asia
Latvia,,LV,LVA,428,ISO 3166-2:LV,True,True,1991-09-17,False,True,False,None,Former member: Union of Soviet Socialist Republics,,55.61510692,28.1767094256,57.9701569688,21.0558004086,Riga,56.95,24.1,Europe
Lebanon,,LB,LBN,422,ISO 3166-2:LB,True,True,1945-10-24,False,False,False,None,,,33.0890400254,36.6117501157,34.6449140488,35.1260526873,Beirut,33.86666666666667,35.5,Asia
Lesotho,,LS,LSO,426,ISO 3166-2:LS,True,True,1966-10-17,False,False,False,None,,,-30.6451058896,29.3251664568,-28.6475017229,26.9992619158,Maseru,-29.316666666666666,27.483333000000002,Africa
Liberia,,LR,LBR,430,ISO 3166-2:LR,True,True,1945-11-02,False,False,False,None,,,4.35575511313,-7.53971513511,8.54105520267,-11.4387794662,Monrovia,6.3,-10.8,Africa
Libya,,LY,LBY,434,ISO 3166-2:LY,True,True,1955-12-14,False,False,False,None,,,19.58047,25.16482,33.1369957545,9.31941084152,Tripoli,32.88333333333333,13.166667000000002,Africa
Liechtenstein,,LI,LIE,438,ISO 3166-2:LI,True,True,1990-09-18,False,False,False,None,,,,,,,Vaduz,47.13333333333333,9.516667,Europe
Lithuania,,LT,LTU,440,ISO 3166-2:LT,True,True,1991-09-17,False,True,False,None,Former member: Union of Soviet Socialist Republics,,53.9057022162,26.5882792498,56.3725283881,21.0558004086,Vilnius,54.68333333333333,25.316667000000002,Europe
Luxembourg,,LU,LUX,442,ISO 3166-2:LU,True,True,1945-10-24,False,True,False,None,Luxembourg and the United Nations,,49.4426671413,6.24275109216,50.1280516628,5.67405195478,Luxembourg,49.6,6.116667,Europe
Macao,,MO,MAC,446,ISO 3166-2:MO,False,False,,False,False,False,,,,,,,,,0.0,0.0,Asia
Macedonia,,MK,MKD,807,ISO 3166-2:MK,True,True,1993-04-08,False,False,False,,,,40.8427269557,22.9523771502,42.3202595078,20.46315,Skopje,42.0,21.433332999999998,Europe
Madagascar,,MG,MDG,450,ISO 3166-2:MG,True,True,1960-09-20,False,False,False,None,,,-25.6014344215,50.4765368996,-12.0405567359,43.2541870461,Antananarivo,-18.916666666666668,47.516667,Africa
Malawi,,MW,MWI,454,ISO 3166-2:MW,True,True,1964-12-01,False,False,False,None,,,-16.8012997372,35.7719047381,-9.23059905359,32.6881653175,Lilongwe,-13.966666666666667,33.783333,Africa
Malaysia,,MY,MYS,458,ISO 3166-2:MY,True,True,1957-09-17,False,False,False,None,Former member: Federation of Malaya and Malaysia and the United Nations,Malaysia is a federation of 13 states and three federal territories.,0.773131415201,119.181903925,6.92805288332,100.085756871,Kuala Lumpur,3.1666666666666665,101.7,Asia
Maldives,,MV,MDV,462,ISO 3166-2:MV,True,True,1965-09-21,False,False,False,None,,,,,,,Malé,4.166666666666667,73.5,Asia
Mali,,ML,MLI,466,ISO 3166-2:ML,True,True,1960-09-28,False,False,False,None,,,10.0963607854,4.27020999514,24.9745740829,-12.1707502914,Bamako,12.65,-8.0,Africa
Malta,,MT,MLT,470,ISO 3166-2:MT,True,True,1964-12-01,False,True,False,None,,,,,,,Valletta,35.88333333333333,14.5,Europe
Marshall Islands,,MH,MHL,584,ISO 3166-2:MH,True,True,1991-09-17,False,False,False,None,Marshall Islands and the United Nations,Under Compact of Free Association with the United States.,,,,,Majuro,7.1,171.383333,Australia
Martinique,,MQ,MTQ,474,ISO 3166-2:MQ,False,False,,False,False,False,,,,,,,,,,,
Mauritania,,MR,MRT,478,ISO 3166-2:MR,True,True,1961-10-27,False,False,False,None,,,14.6168342147,-4.92333736817,27.3957441269,-17.0634232243,Nouakchott,18.066666666666666,-15.966667000000001,Africa
Mauritius,,MU,MUS,480,ISO 3166-2:MU,True,True,1968-04-24,False,False,False,None,,"Mauritius has an autonomous island, Rodrigues.",,,,,Port Louis,-20.15,57.483332999999995,Africa
Mayotte,,YT,MYT,175,ISO 3166-2:YT,False,False,,False,False,False,,,,,,,,,,,
Mexico,,MX,MEX,484,ISO 3166-2:MX,True,True,1945-11-07,False,False,False,None,Mexico and the United Nations,Mexico is a federation of 31 states and one autonomous city.,14.5388286402,-86.811982388,32.72083,-117.12776,Mexico City,19.433333333333334,-99.133333,Central America
Micronesia,,FM,FSM,583,ISO 3166-2:FM,True,True,1991-09-17,False,False,False,,,,,,,,Palikir,6.916666666666668,158.15,Australia
Moldova,,MD,MDA,498,ISO 3166-2:MD,True,True,1992-03-02,False,False,False,,,,45.4882831895,30.0246586443,48.4671194525,26.6193367856,Chisinau,47.0,28.85,Europe
Monaco,,MC,MCO,492,ISO 3166-2:MC,True,True,1993-05-28,False,False,False,None,,,,,,,Monaco,43.73333333333333,7.4166669999999995,Europe
Mongolia,,MN,MNG,496,ISO 3166-2:MN,True,True,1961-10-27,False,False,False,None,,,41.5974095729,119.772823928,52.0473660345,87.7512642761,Ulaanbaatar,47.91666666666666,106.91666699999999,Asia
Montenegro,,ME,MNE,499,ISO 3166-2:ME,True,True,2006-06-28,False,False,False,None,Former member: Yugoslavia,,41.87755,20.3398,43.52384,18.45,Podgorica,42.43333333333333,19.266667,Europe
Montserrat,,MS,MSR,500,ISO 3166-2:MS,False,False,,False,False,False,,,,,,,,Plymouth,16.7,-62.216667,North America
Morocco,,MA,MAR,504,ISO 3166-2:MA,True,True,1956-11-12,False,False,False,None,,"Morocco claims sovereignty over Western Sahara and controls most of it, which is disputed by the Sahrawi Arab Democratic Republic.",21.4207341578,-1.12455115397,35.7599881048,-17.0204284327,Rabat,34.016666666666666,-6.816667,Africa
Mozambique,,MZ,MOZ,508,ISO 3166-2:MZ,True,True,1975-09-16,False,False,False,None,,,-26.7421916643,40.7754752948,-10.3170960425,30.1794812355,Maputo,-25.95,32.583333,Africa
Myanmar,Burma,MM,MMR,104,ISO 3166-2:MM,True,True,1948-04-19,False,False,False,None,,,9.93295990645,101.180005324,28.335945136,92.3032344909,Naypyidaw,16.8,96.15,Asia
Namibia,,,NAM,516,ISO 3166-2:NA,True,True,1990-04-23,False,False,False,None,,,,,,,Windhoek,9.55,44.05,Africa
Nauru,,NR,NRU,520,ISO 3166-2:NR,True,True,1999-09-14,False,False,False,None,,,,,,,Yaren,-0.5477,166.920867,Australia
Nepal,,NP,NPL,524,ISO 3166-2:NP,True,True,1955-12-14,False,False,False,None,,Nepal is a federation composed of 14 zones.,26.3978980576,88.1748043151,30.4227169866,80.0884245137,Kathmandu,27.716666666666665,85.31666700000001,Asia
Netherlands,,NL,NLD,528,ISO 3166-2:NL,True,True,1945-12-10,False,True,False,None,,"The Kingdom of the Netherlands includes four areas with substantial autonomy:  Aruba  Curaçao  Netherlands  Sint Maarten The continental part of the Netherlands, Aruba, Curaçao, and Sint Maarten form the four constituent countries of the Kingdom. Three other territories (Bonaire, Saba, and Sint Eustatius) are special municipalities of the continental Netherlands. The designation ""Netherlands"" can refer either to the continental Netherlands or to the short name for the entire Kingdom (e.g. in international organizations). The Kingdom of the Netherlands as a whole is a member of the EU, but EU law applies only to parts within Europe.",50.803721015,7.09205325687,53.5104033474,3.31497114423,Amsterdam,52.35,4.9166669999999995,Europe
New Caledonia,,NC,NCL,540,ISO 3166-2:NC,False,False,,False,False,False,,,,-22.3999760881,167.120011428,-20.1056458473,164.029605748,Nouméa,-22.266666666666666,166.45,Australia
New Zealand,,NZ,NZL,554,ISO 3166-2:NZ,True,True,1945-10-24,False,False,False,None,New Zealand and the United Nations,"New Zealand is a Commonwealth realm, and has the dependent territories of:  Ross Dependency  Tokelau New Zealand has responsibilities for (but no rights of control over) two freely associated states:   Cook Islands  Niue The Cook Islands and Niue have diplomatic relations with 46 and 18 UN members respectively. They have full treaty-making capacity in the UN, and are members of some UN specialized agencies.",-46.641235447,178.517093541,-34.4506617165,166.509144322,Wellington,-41.3,174.783333,Australia
Nicaragua,,NI,NIC,558,ISO 3166-2:NI,True,True,1945-10-24,False,False,False,None,,"Nicaragua contains two autonomous regions, Atlántico Sur and Atlántico Norte.",10.7268390975,-83.147219001,15.0162671981,-87.6684934151,Managua,12.133333333333333,-86.25,Central America
Niger,,NE,NER,562,ISO 3166-2:NE,True,True,1960-09-20,False,False,False,None,,,11.6601671412,15.9032466977,23.4716684026,0.295646396495,Niamey,13.516666666666667,2.1166669999999996,Africa
Nigeria,,NG,NGA,566,ISO 3166-2:NG,True,True,1960-10-07,False,False,False,None,,Nigeria is a federation of 36 states and 1 federal territory.,4.24059418377,14.5771777686,13.8659239771,2.69170169436,Abuja,9.083333333333334,7.533333,Africa
Niue,,NU,NIU,570,ISO 3166-2:NU,False,False,,False,False,False,,,,,,,,Alofi,-19.016666666666666,-169.916667,Australia
Norfolk Island,,NF,NFK,574,ISO 3166-2:NF,False,False,,False,False,False,,,,,,,,Kingston,-29.05,167.966667,Australia
Northern Mariana Islands,,MP,MNP,580,ISO 3166-2:MP,False,False,,False,False,False,,,,,,,,Saipan,15.2,145.75,Australia
Norway,,NO,NOR,578,ISO 3166-2:NO,True,True,1945-11-27,False,False,False,None,,"Svalbard is an integral part of Norway, but has a special status due to the Svalbard Treaty. Jan Mayen is an island that is an integral part of Norway, although unincorporated. Norway has the dependent territories of:  Bouvet Island Peter I Island Queen Maud Land",58.0788841824,31.29341841,80.6571442736,4.99207807783,Oslo,59.91666666666666,10.75,Europe
Oman,,OM,OMN,512,ISO 3166-2:OM,True,True,1971-10-07,False,False,False,None,,,16.6510511337,59.8080603372,26.3959343531,52.0000098,Muscat,23.61666666666667,58.583332999999996,Asia
Pakistan,,PK,PAK,586,ISO 3166-2:PK,True,True,1947-09-30,False,False,False,None,Pakistan and the United Nations,"Pakistan is a federation of four provinces, 1 capital territory, and tribal regions. Pakistan disputes the entire territory of Kashmir with India, and part of it with the People's Republic of China. It exercises control over certain portions of Kashmir, but has not officially annexed any of it, instead regarding it as a disputed territory. The portions that it controls are divided into two territories, administered separately from Pakistan proper:  Azad Kashmir  Gilgit Baltistan Azad Kashmir describes itself as a ""self-governing state under Pakistani control"", while Gilgit-Baltistan is described in its governance order as a group of ""areas"" with self-government. These territories are not usually regarded as sovereign, as they do not fulfill the criteria set out by the declarative theory of statehood (for example, their current laws do not allow them to engage independently in relations with other states). Several state functions of these territories (such as foreign affairs and defence) are performed by Pakistan.",23.6919650335,77.8374507995,37.1330309108,60.8742484882,Islamabad,33.68333333333333,73.05,Asia
Palau,,PW,PLW,585,ISO 3166-2:PW,True,True,1994-12-15,False,False,False,None,,Under Compact of Free Association with the United States.,,,,,Ngerulmud,7.4833333333333325,134.633333,Australia
Palestine,,PS,PSE,275,ISO 3166-2:PS,False,False,,True,False,False,Partially unrecognized. Disputed by Israel,,"The declared State of Palestine has received diplomatic recognition from 137 states. The proclaimed state has no agreed territorial borders, or effective control on much of the territory that it proclaimed. The Palestinian National Authority is an interim administrative body formed as a result of the Oslo Accords that exercises limited autonomous jurisdiction within the Palestinian territories. In foreign relations, Palestine is represented by the Palestine Liberation Organization. The State of Palestine is a member state of UNESCO, and an observer state in the UN.",31.3534353704,35.5456653175,32.5325106878,34.9274084816,Jerusalem,31.766666666666666,35.233333,Asia
Panama,,PA,PAN,591,ISO 3166-2:PA,True,True,1945-11-13,False,False,False,None,,,7.2205414901,-77.2425664944,9.61161001224,-82.9657830472,Panama City,8.966666666666667,-79.533333,Central America
Papua New Guinea,,PG,PNG,598,ISO 3166-2:PG,True,True,1975-10-10,False,False,False,None,,"Papua New Guinea is a Commonwealth realm with 1 autonomous region, Bougainville.",-10.6524760881,156.019965448,-2.50000212973,141.000210403,Port Moresby,-9.45,147.183333,Australia
Paraguay,,PY,PRY,600,ISO 3166-2:PY,True,True,1945-10-24,False,False,True,None,,,-27.5484990374,-54.2929595608,-19.3427466773,-62.6850571357,Asunción,-25.266666666666666,-57.666667000000004,South America
Peru,,PE,PER,604,ISO 3166-2:PE,True,True,1945-10-31,False,False,True,None,,,-18.3479753557,-68.6650797187,-0.0572054988649,-81.4109425524,Lima,-12.05,-77.05,South America
Philippines,,PH,PHL,608,ISO 3166-2:PH,True,True,1945-10-24,False,False,False,None,Philippines and the United Nations,"The Philippines contains one autonomous region, Autonomous Region in Muslim Mindanao.",5.58100332277,126.537423944,18.5052273625,117.17427453,Manila,14.6,120.96666699999999,Asia
Pitcairn,,PN,PCN,612,ISO 3166-2:PN,False,False,,False,False,False,,,,,,,,Adamstown,-25.066666666666666,-130.083333,Australia
Poland,,PL,POL,616,ISO 3166-2:PL,True,True,1945-10-24,False,True,False,None,,,49.0273953314,24.0299857927,54.8515359564,14.0745211117,Warsaw,52.25,21.0,Europe
Portugal,,PT,PRT,620,ISO 3166-2:PT,True,True,1955-12-14,False,True,False,None,,"Portugal contains two autonomous regions, Azores and Madeira.",36.838268541,-6.3890876937,42.280468655,-9.52657060387,Lisbon,38.71666666666667,-9.133333,Europe
Puerto Rico,,PR,PRI,630,ISO 3166-2:PR,False,False,,False,False,False,,,,17.946553453,-65.5910037909,18.5206011011,-67.2424275377,San Juan,18.466666666666665,-66.116667,North America
Qatar,,QA,QAT,634,ISO 3166-2:QA,True,True,1971-09-21,False,False,False,None,,,24.5563308782,51.6067004738,26.1145820175,50.7439107603,Doha,25.28333333333333,51.533333,Asia
Réunion,,RE,REU,638,ISO 3166-2:RE,False,False,,False,False,False,,,,,,,,Saint-Denis,,,
Romania,,RO,ROU,642,ISO 3166-2:RO,True,True,1955-12-14,False,True,False,None,,,43.6884447292,29.62654341,48.2208812526,20.2201924985,Bucharest,44.43333333333333,26.1,Europe
Russia,,RU,RUS,643,ISO 3166-2:RU,True,True,1945-10-24,False,False,False,None,,"Russia is officially a federation of 85 federal subjects (republics, oblasts, krais, autonomous okrugs, federal cities, and an autonomous oblast). Several of the federal subjects are ethnic republics. Russia also forms the Union State jointly with Belarus.",41.151416124,180.0,81.2504,-180.0,Moscow,55.75,37.6,Europe
Rwanda,,RW,RWA,646,ISO 3166-2:RW,True,True,1962-09-18,False,False,False,None,,,-2.91785776125,30.8161348813,-1.13465911215,29.0249263852,Kigali,-1.95,30.05,Africa
Saint Barthélemy,,BL,BLM,652,ISO 3166-2:BL,False,False,,False,False,False,,,,,,,,Gustavia,17.883333333333333,-62.85,North America
"Saint Helena, Ascension and Tristan da Cunha",,SH,SHN,654,ISO 3166-2:SH,False,False,,False,False,False,,,,,,,,Jamestown,-15.933333333333335,-5.716667,Africa
Saint Kitts and Nevis,,KN,KNA,659,ISO 3166-2:KN,True,True,1983-09-23,False,False,False,None,,"Saint Kitts and Nevis is a Commonwealth realm and is a federation of two islands, St. Kitts and Nevis.",,,,,Basseterre,17.3,-62.716667,North America
Saint Lucia,,LC,LCA,662,ISO 3166-2:LC,True,True,1979-09-18,False,False,False,None,,Saint Lucia is a Commonwealth realm.,,,,,Castries,14.0,-61.0,North America
Saint Martin (French part),,MF,MAF,663,ISO 3166-2:MF,False,False,,False,False,False,,,,,,,,Marigot,18.0731,-63.0822,North America
Saint Pierre and Miquelon,,PM,SPM,666,ISO 3166-2:PM,False,False,,False,False,False,,,,,,,,St. Pierre,46.76666666666666,-56.183333,Central America
Saint Vincent and the Grenadines,,VC,VCT,670,ISO 3166-2:VC,True,True,1980-09-16,False,False,False,None,,Saint Vincent and the Grenadines is a Commonwealth realm.,,,,,Kingstown,13.133333333333333,-61.216667,Central America
Samoa,,WS,WSM,882,ISO 3166-2:WS,True,True,1976-12-15,False,False,False,None,,,,,,,Apia,-13.816666666666665,-171.76666699999998,Australia
San Marino,,SM,SMR,674,ISO 3166-2:SM,True,True,1992-03-02,False,False,False,None,,,,,,,San Marino,43.93333333333333,12.416667,Europe
Sao Tome and Principe,,ST,STP,678,ISO 3166-2:ST,True,True,1975-09-16,False,False,False,,,,,,,,São Tomé,0.3333333333333333,6.733333,Africa
Saudi Arabia,,SA,SAU,682,ISO 3166-2:SA,True,True,1945-10-24,False,False,False,None,,,16.3478913436,55.6666593769,32.161008816,34.6323360532,Riyadh,24.65,46.7,Asia
Senegal,,SN,SEN,686,ISO 3166-2:SN,True,True,1960-09-28,False,False,False,None,,,12.332089952,-11.4678991358,16.5982636581,-17.6250426905,Dakar,14.733333333333333,-17.633333,Africa
Serbia,,RS,SRB,688,ISO 3166-2:RS,True,True,2000-11-01,False,False,False,None,"Former member: Yugoslavia, Serbia and Montenegro and Serbia and the United Nations","Serbia contains two autonomous regions, Vojvodina and Kosovo and Metohija. The latter is under the de facto control of the Republic of Kosovo.",42.2452243971,22.9860185076,46.1717298447,18.82982,Belgrade,44.83333333333334,20.5,Europe
Seychelles,,SC,SYC,690,ISO 3166-2:SC,True,True,1976-09-21,False,False,False,None,,,,,,,Victoria,-4.616666666666667,55.45,Africa
Sierra Leone,,SL,SLE,694,ISO 3166-2:SL,True,True,1961-09-27,False,False,False,None,,,6.78591685631,-10.2300935531,10.0469839543,-13.2465502588,Freetown,8.483333333333333,-13.233332999999998,Africa
Singapore,,SG,SGP,702,ISO 3166-2:SG,True,True,1965-09-21,False,False,False,None,Former member: Malaysia and Singapore and the United Nations,,,,,,Singapore,1.2833333333333332,103.85,Asia
Sint Maarten (Dutch part),,SX,SXM,534,ISO 3166-2:SX,False,False,,False,False,False,,,,,,,,Philipsburg,18.016666666666666,-63.033333,North America
Slovakia,,SK,SVK,703,ISO 3166-2:SK,True,True,1993-01-19,False,True,False,None,Former member: Czechoslovakia,,47.7584288601,22.5581376482,49.5715740017,16.8799829444,Bratislava,48.15,17.116667,Europe
Slovenia,,SI,SVN,705,ISO 3166-2:SI,True,True,1992-05-22,False,True,False,None,Former member: Yugoslavia,,45.4523163926,16.5648083839,46.8523859727,13.6981099789,Ljubljana,46.05,14.516667000000002,Europe
Solomon Islands,,SB,SLB,90,ISO 3166-2:SB,True,True,1978-09-19,False,False,False,None,,The Solomon Islands is a Commonwealth realm.,-10.8263672828,162.398645868,-6.59933847415,156.491357864,Honiara,-9.433333333333334,159.95,Australia
Somalia,,SO,SOM,706,ISO 3166-2:SO,True,True,1960-09-20,False,False,False,None,,"Somalia has two self-declared autonomous regions: Puntland and Galmudug, while the territory of Somaliland has formed an unrecognised de facto state.",-1.68325,51.13387,12.02464,40.98105,Mogadishu,2.066666666666667,45.333333,Africa
South Africa,,ZA,ZAF,710,ISO 3166-2:ZA,True,True,1945-11-07,False,False,False,None,,,-34.8191663551,32.830120477,-22.0913127581,16.3449768409,Pretoria,-25.7,28.216666999999998,Africa
South Georgia and the South Sandwich Islands,,GS,SGS,239,ISO 3166-2:GS,False,False,,False,False,False,,,,,,,,Grytviken,-54.283333,-36.5,Antarctica
South Sudan,,SS,SSD,728,ISO 3166-2:SS,True,True,2011-07-14,False,False,False,None,,"South Sudan is a federation of 28 states. The Abyei Area is a zone with ""special administrative status"" established by the Comprehensive Peace Agreement in 2005. It is de-jure a condominium of South Sudan and Sudan, but de facto administered by South Sudan.",3.50917,35.2980071182,12.2480077571,23.8869795809,Juba,4.85,31.616667,Africa
Spain,,ES,ESP,724,ISO 3166-2:ES,True,True,1955-12-14,False,True,False,None,,Spain is divided into 17 autonomous communities and 2 special autonomous cities.,35.946850084,3.03948408368,43.7483377142,-9.39288367353,Madrid,40.4,-3.683333,Europe
Sri Lanka,,LK,LKA,144,ISO 3166-2:LK,True,True,1955-12-14,False,False,False,None,,,5.96836985923,81.7879590189,9.82407766361,79.6951668639,Sri Jayawardenapura Kotte,6.916666666666668,79.833333,Asia
Sudan,,SD,SDN,729,ISO 3166-2:SD,True,True,1956-11-12,False,False,False,None,,"Sudan is a federation of 18 states. Sudan claims the Abyei Area, which is currently under UN protection and governed by South Sudan.",8.61972971293,38.4100899595,22.0,21.93681,Khartoum,15.6,32.533333,Africa
Suriname,,SR,SUR,740,ISO 3166-2:SR,True,True,1975-12-04,False,False,True,None,,,1.81766714112,-53.9580446031,6.0252914494,-58.0446943834,Paramaribo,5.833333333333332,-55.166667000000004,South America
Svalbard and Jan Mayen,,SJ,SJM,744,ISO 3166-2:SJ,False,False,,False,False,False,,,,,,,,Longyearbyen,78.21666666666667,15.633332999999999,Europe
Sweden,,SE,SWE,752,ISO 3166-2:SE,True,True,1946-11-19,False,True,False,None,,,55.3617373725,23.9033785336,69.1062472602,11.0273686052,Stockholm,59.33333333333334,18.05,Europe
Switzerland,,CH,CHE,756,ISO 3166-2:CH,True,True,2002-09-10,False,False,False,None,,Switzerland is a federation of 26 cantons.,45.7769477403,10.4427014502,47.8308275417,6.02260949059,Bern,46.91666666666666,7.466667,Europe
Syria,,SY,SYR,760,ISO 3166-2:SY,True,True,1945-10-24,False,False,False,None,,"The Syrian National Coalition, which is recognized as the legitimate representative of the Syrian people by 20 UN members, has established an interim government to rule rebel controlled territory during the Syrian civil war. Syria has one self-declared autonomous region: Rojava.",32.312937527,42.3495910988,37.2298725449,35.7007979673,Damascus,33.5,36.3,Asia
Taiwan,,TW,TWN,158,ISO 3166-2:TW,False,False,,False,False,False,,,,21.9705713974,121.951243931,25.2954588893,120.106188593,Taipei,25.03333333333333,121.516667,Asia
Tajikistan,,TJ,TJK,762,ISO 3166-2:TJ,True,True,1992-03-02,False,False,False,None,Former member: Union of Soviet Socialist Republics,"Tajikistan contains 1 autonomous region, Gorno-Badakhshan Autonomous Province.",36.7381712916,74.9800024759,40.9602133245,67.4422196796,Dushanbe,38.55,68.766667,Asia
Tanzania,,TZ,TZA,834,ISO 3166-2:TZ,True,True,1961-12-14,False,False,False,None,Former member: Tanganyika and Zanzibar,"Tanzania contains 1 autonomous region, Zanzibar.",-11.7209380022,40.31659,-0.95,29.3399975929,Dodoma,-6.8,39.283333,Africa
Thailand,,TH,THA,764,ISO 3166-2:TH,True,True,1946-12-16,False,False,False,None,,,5.69138418215,105.589038527,20.4178496363,97.3758964376,Bangkok,13.75,100.516667,Asia
Timor-Leste,,TL,TLS,626,ISO 3166-2:TL,True,True,2002-09-27,False,False,False,,,,-9.39317310958,127.335928176,-8.27334482181,124.968682489,Dili,-8.583333333333334,125.6,Asia
Togo,,TG,TGO,768,ISO 3166-2:TG,True,True,1960-09-20,False,False,False,None,,,5.92883738853,1.86524051271,11.0186817489,-0.0497847151599,Lomé,6.116666666666666,1.216667,Africa
Tokelau,,TK,TKL,772,ISO 3166-2:TK,False,False,,False,False,False,,,,,,,,,-9.166667,-171.833333,Australia
Tonga,,TO,TON,776,ISO 3166-2:TO,True,True,1999-09-14,False,False,False,None,,,,,,,Nukuʻalofa,-21.133333333333333,-175.2,Australia
Trinidad and Tobago,,TT,TTO,780,ISO 3166-2:TT,True,True,1962-09-18,False,False,False,None,Trinidad and Tobago and the United Nations,"Trinidad and Tobago contains 1 autonomous region, Tobago.",10.0,-60.895,10.89,-61.95,Port of Spain,10.65,-61.516667000000005,North America
Tunisia,,TN,TUN,788,ISO 3166-2:TN,True,True,1956-11-12,False,False,False,None,,,30.3075560572,11.4887874691,37.3499944118,7.52448164229,Tunis,36.8,10.183333,Africa
Turkey,,TR,TUR,792,ISO 3166-2:TR,True,True,1945-10-24,False,False,False,None,,,35.8215347357,44.7939896991,42.1414848903,26.0433512713,Ankara,39.93333333333333,32.866667,Europe
Turkmenistan,,TM,TKM,795,ISO 3166-2:TM,True,True,1992-03-02,False,False,False,None,Former member: Union of Soviet Socialist Republics,,35.2706639674,66.5461503437,42.7515510117,52.5024597512,Ashgabat,37.95,58.38333299999999,Asia
Turks and Caicos Islands,,TC,TCA,796,ISO 3166-2:TC,False,False,,False,False,False,,,,,,,,Cockburn Town,21.466666666666665,-71.133333,North America
Tuvalu,,TV,TUV,798,ISO 3166-2:TV,True,True,2000-09-05,False,False,False,None,Tuvalu and the United Nations,Tuvalu is a Commonwealth realm.,,,,,Funafuti,-8.516666666666667,179.216667,Australia
Uganda,,UG,UGA,800,ISO 3166-2:UG,True,True,1962-10-25,False,False,False,None,,,-1.44332244223,35.03599,4.24988494736,29.5794661801,Kampala,0.31666666666666665,32.55,Africa
Ukraine,,UA,UKR,804,ISO 3166-2:UA,True,True,1945-10-24,False,False,False,None,Former member: Ukrainian Soviet Socialist Republic,"Ukraine contains an autonomous republic, Crimea. In 2014 Russia annexed the region along with Sevastopol turning them in one of its federal subjects as Republic of Crimea and city of Sevastopol.",44.3614785833,40.0807890155,52.3350745713,22.0856083513,Kiev,50.43333333333333,30.516666999999998,Europe
United Arab Emirates,,AE,ARE,784,ISO 3166-2:AE,True,True,1971-12-09,False,False,False,None,,The United Arab Emirates is a federation of seven emirates.,22.4969475367,56.3968473651,26.055464179,51.5795186705,Abu Dhabi,24.466666666666665,54.36666700000001,Asia
United Kingdom,,GB,GBR,826,ISO 3166-2:GB,True,True,1945-10-24,False,True,False,None,,"The United Kingdom is a Commonwealth realm consisting of  four constituent countries: England, Northern Ireland, Scotland, and Wales. The United Kingdom has the following overseas territories:  Akrotiri and Dhekelia  Anguilla  Bermuda  British Indian Ocean Territory  British Virgin Islands  Cayman Islands  Falkland Islands  Gibraltar  Montserrat  Pitcairn Islands  Saint Helena, Ascension and Tristan da Cunha  South Georgia and the South Sandwich Islands  Turks and Caicos Islands  British Antarctic Territory The British monarch has direct sovereignty over three self-governing Crown dependencies:   Bailiwick of Guernsey  Isle of Man  Bailiwick of Jersey",49.959999905,1.68153079591,58.6350001085,-7.57216793459,London,51.5,-0.083333,Europe
United States,,US,USA,840,ISO 3166-2:US,True,True,1945-10-24,False,False,False,None,,The United States is a federation of 50 states and 1 federal district with shared sovereignty. The Federal government of the United States has sovereignty over the following inhabited possessions and commonwealths:  American Samoa  Guam  Northern Mariana Islands  Puerto Rico  U.S. Virgin Islands It also has sovereignty over several uninhabited territories:  Baker Island Howland Island Jarvis Island Johnston Atoll Kingman Reef Midway Atoll Navassa Island Wake Island It also has sovereignty over the following incorporated territories:  Palmyra Atoll Three sovereign states have become associated states of the United States under the Compact of Free Association:   Marshall Islands – Republic of the Marshall Islands  Micronesia – Federated States of Micronesia  Palau – Republic of Palau It also disputes sovereignty over the following territories:  Bajo Nuevo Bank Serranilla Bank,18.91619,-66.96466,71.3577635769,-171.791110603,"Washington, D.C.",38.883333,-77.0,Central America
United States Minor Outlying Islands,,UM,UMI,581,ISO 3166-2:UM,False,False,,False,False,False,,,,,,,,,38.883333,-77.0,Australia
Uruguay,,UY,URY,858,ISO 3166-2:UY,True,True,1945-12-18,False,False,True,None,,,-34.9526465797,-53.209588996,-30.1096863746,-58.4270741441,Montevideo,-34.85,-56.166667000000004,South America
Uzbekistan,,UZ,UZB,860,ISO 3166-2:UZ,True,True,1992-03-02,False,False,False,None,Former member: Union of Soviet Socialist Republics,"Uzbekistan contains 1 autonomous region, Karakalpakstan.",37.1449940049,73.055417108,45.5868043076,55.9289172707,Tashkent,41.31666666666667,69.25,Asia
Vanuatu,,VU,VUT,548,ISO 3166-2:VU,True,True,1981-09-15,False,False,False,None,Vanuatu and the United Nations,,-16.5978496233,167.844876744,-14.6264970842,166.629136998,Port Vila,-17.733333333333334,168.316667,Australia
Venezuela,,VE,VEN,862,ISO 3166-2:VE,True,True,1945-11-15,False,False,True,None,,"Venezuela is a federation of 23 states, 1 capital district, and federal dependencies.",0.724452215982,-59.7582848782,12.1623070337,-73.3049515449,Caracas,10.483333333333333,-66.866667,South America
Vietnam,,VN,VNM,704,ISO 3166-2:VN,True,True,1977-09-20,False,False,False,None,,,8.59975962975,109.33526981,23.3520633001,102.170435826,Hanoi,21.03333333333333,105.85,Asia
Virgin Islands (British),,VG,VGB,92,ISO 3166-2:VG,False,False,,False,False,False,,,,,,,,Road Town,18.416666666666668,-64.616667,North America
Virgin Islands (U.S.),,VI,VIR,850,ISO 3166-2:VI,False,False,,False,False,False,,,,,,,,Charlotte Amalie,18.35,-64.93333299999999,North America
Wallis and Futuna,,WF,WLF,876,ISO 3166-2:WF,False,False,,False,False,False,,,,,,,,Mata-Utu,-13.95,-171.933333,Australia
Western Sahara,,EH,ESH,732,ISO 3166-2:EH,False,False,,False,False,False,,,,,,,,El Aaiún,27.153610999999998,-13.203332999999999,Africa
Yemen,,YE,YEM,887,ISO 3166-2:YE,True,True,1947-09-30,False,False,False,None,Former member: Yemen and Democratic Yemen,,12.5859504257,53.1085726255,19.0000033635,42.6048726743,Sanaá,15.35,44.2,Asia
Zambia,,ZM,ZMB,894,ISO 3166-2:ZM,True,True,1964-12-01,False,False,False,None,,,-17.9612289364,33.4856876971,-8.23825652429,21.887842645,Lusaka,-15.416666666666664,28.283333000000002,Africa
Zimbabwe,,ZW,ZWE,716,ISO 3166-2:ZW,True,True,1980-08-25,False,False,False,None,,,-22.2716118303,32.8498608742,-15.5077869605,25.2642257016,Harare,-17.816666666666666,31.033333000000002,Africa
